state_name,pc_no,pc_name,total_electors,male_electors,female_electors,third_gender_electors,previous_turnout_pct,target_turnout_pct
Andhra Pradesh,1,Araku (ST),1557153,756088,800954,111,74.28838556501297,74.87
Andhra Pradesh,2,Srikakulam,1646686,821758,824812,116,74.92862934884738,75.37
Andhra Pradesh,3,Vizianagaram,1590994,791124,799780,90,81.27987074296202,82.19
Andhra Pradesh,4,Visakhapatnam,1931398,952279,979004,115,67.78117312633248,72.03
Andhra Pradesh,5,Anakapalle,1601365,784191,817141,33,81.53583332840354,82.97
Andhra Pradesh,6,Kakinada,1634921,805234,829501,186,79.08371858075489,81.43
Andhra Pradesh,7,Amalapuram (SC),1532229,759898,772310,21,84.63998640682509,84.97
Andhra Pradesh,8,Rajahmundry,1623852,792975,830780,97,81.50452075794391,81.85
Andhra Pradesh,9,Narsapuram,1473811,722388,751345,78,81.90382519582326,83.63
Andhra Pradesh,10,Eluru,1638116,799901,838089,126,83.52675632464968,84.73
Andhra Pradesh,11,Machilipatnam,1540045,746622,793366,57,84.53894432200968,85.42
Andhra Pradesh,12,Vijayawada,1704469,830857,873461,151,77.30064355950475,80.44
Andhra Pradesh,13,Guntur,1793324,867085,926080,159,79.2164555930741,80.16
Andhra Pradesh,14,Narsaraopet,1736162,847765,888206,191,86.25118310623083,86.68
Andhra Pradesh,15,Bapatla (SC),1511177,739959,771133,85,86.4726000581478,86.57
Andhra Pradesh,16,Ongole,1614525,809009,805409,107,86.34948720469215,88.32
Andhra Pradesh,17,Nandyal,1724191,844830,879029,332,81.07340227791569,81.82
Andhra Pradesh,18,Kurnoolu,1724191,853777,870170,244,75.69390893504105,77.69
Andhra Pradesh,19,Ananthapur,1769264,874405,894625,234,81.00867705028362,81.7
Andhra Pradesh,20,Hindupur,1658529,825761,832692,76,84.90759831658238,85.91
Andhra Pradesh,21,Kadapa,1641349,803077,838056,216,78.68072316010011,80.89
Andhra Pradesh,22,Nellore,1712840,838816,873840,184,77.06398381200889,80.49
Andhra Pradesh,23,Thirupathi (SC),1730318,843597,886573,148,79.76434348630346,80.19
Andhra Pradesh,24,Rajampet,1667385,819081,848172,132,79.26316374670478,80.24
Andhra Pradesh,25,Chittoor (SC),1643593,809374,834087,132,84.24103685990224,86.76
Arunachal Pradesh,1,Arunachal West,520085,251346,268735,4,78.49646919303541,77.36
Arunachal Pradesh,2,Arunachal East,378357,192732,185624,1,87.03044251121287,86.18
Assam,1,Kokrajhar (ST),1494404,750857,743540,7,79.1808221774353,83.95
Assam,2,Dhubri,2663987,1365321,1298641,25,79.50774428796039,92.3
Assam,3,Barpeta,1979051,1007761,971269,21,77.62571534465322,85.4
Assam,4,Darrang-Udalguri,2214516,1113643,1100840,33,90.66441546870007,82.21
Assam,5,Guwahati,2039765,1003991,1035716,58,83.3021271613042,78.56
Assam,6,Diphu (ST),902050,449575,452456,19,86.56848741565287,76.2
Assam,7,Karimganj,1414520,725446,689062,12,80.86620984826153,81.13
Assam,8,Silchar (SC),1374559,688748,685787,24,83.6789267190931,79.37
Assam,9,Nagaon,1821023,918217,902724,82,79.47812773607514,85.15
Assam,10,Kaziranga,2053805,1028420,1025352,33,83.2265714502231,79.64
Assam,11,Sonitpur,1638992,817734,821225,33,82.12368395873513,78.74
Assam,12,Lakhimpur,1580500,789517,790966,17,77.56724186559319,76.83
Assam,13,Dibrugarh,1661998,812311,849652,35,77.30178137879768,76.92
Assam,14,Jorhat,1732944,854583,878356,5,75.17214447431022,80.57
Bihar,1,Valmiki Nagar,1829052,968965,860015,72,61.97716964614873,60.33
Bihar,2,Paschim Champaran,1759234,939087,820083,64,62.0246121981315,61.78
Bihar,3,Purvi Champaran,1793440,942619,850800,21,60.29733425294452,59.9
Bihar,4,Sheohar,1834437,969489,864885,63,59.596611345528295,57.56
Bihar,5,Sitamarhi,1950028,1029895,920058,75,59.322527153351814,56.25
Bihar,6,Madhubani,1936759,1016061,920607,91,53.81007787826626,53.08
Bihar,7,Jhanjharpur,2005278,1047537,957652,89,57.351611435222196,54.56
Bihar,8,Supaul,1928887,998369,930477,41,65.71529971253149,63.85
Bihar,9,Araria,2019757,1050929,968734,94,64.78983781783822,62.02
Bihar,10,Kishanganj,1830197,945306,884825,66,66.37877481470503,62.91
Bihar,11,Katihar,1834512,955971,878511,30,67.63764301997213,63.92
Bihar,12,Purnia,1895036,977600,917363,73,65.37025749555886,63.12
Bihar,13,Madhepura,2073608,1076602,996956,50,60.887174429394285,58.34
Bihar,14,Darbhanga,1782853,937999,844820,34,58.345635846027136,57.49
Bihar,15,Muzaffarpur,1869072,987259,881759,54,61.165823872484694,59.54
Bihar,16,Vaishali,1871877,989468,882340,69,61.910226079402854,62.63
Bihar,17,Gopalganj (SC),2027054,1031493,995481,80,55.77864588146652,52.52
Bihar,18,Siwan,1901956,992994,908907,55,54.72754036979224,52.48
Bihar,19,Maharajganj,1942449,1015534,926911,4,53.82266972310607,52.27
Bihar,20,Saran,1800790,946197,854584,9,56.59698917920676,56.79
Bihar,21,Hajipur (SC),1972915,1037490,935354,71,55.255792733749196,58.57
Bihar,22,Ujiarpur,1748377,922736,825621,20,60.15394157414873,59.64
Bihar,23,Samastipur (SC),1820016,956619,863369,28,60.73572241115406,60.21
Bihar,24,Begusarai,2200435,1159084,1041292,59,62.62838404356249,58.91
Bihar,25,Khagaria,1843767,966449,877270,48,57.705788527451396,57.62
Bihar,26,Bhagalpur,1988207,1031249,956849,109,57.1976401179941,53.57
Bihar,27,Banka,1859967,982365,877574,28,58.60088949354888,54.57
Bihar,28,Munger,2051829,1091862,959915,52,54.895512506455155,55.52
Bihar,29,Nalanda,2293994,1202273,1091652,69,48.79277513950432,49.91
Bihar,30,Patna Sahib,2295527,1211129,1084287,111,45.803137732944144,46.87
Bihar,31,Patliputra,2080613,1095711,984846,56,56.02808444028733,59.15
Bihar,32,Arrah,2183625,1168844,1014748,33,51.80857423326742,50.24
Bihar,33,Buxar,1934352,1016998,917337,17,53.950834520898695,55.53
Bihar,34,Sasaram (SC),1914914,1000776,914111,27,54.56619523256061,57.34
Bihar,35,Karakat,1888005,986518,901417,70,49.092112142019154,54.73
Bihar,36,Jahanabad,1678716,881253,797431,32,51.763097955622264,55.26
Bihar,37,Aurangabad,1875809,982046,893729,34,53.673654513814185,50.43
Bihar,38,Gaya (SC),1821330,948485,872825,20,56.180702054915066,52.98
Bihar,39,Nawada,2010286,1047731,962405,150,49.72720051670038,43.37
Bihar,40,Jamui (SC),1910619,1000537,910031,51,55.24512832685794,51.26
Goa,1,North Goa,580710,281617,299090,3,77.05388847279173,78.73
Goa,2,South Goa,598934,290292,308633,9,73.30914539002195,75.29
Gujarat,1,Kachchh (SC),1943633,1001224,942382,27,58.713505140395604,56.39
Gujarat,2,Banaskantha,1963312,1014732,948563,17,65.0258868941854,70.19
Gujarat,3,Patan,2021772,1039422,982318,32,62.44549797652851,59.13
Gujarat,4,Mahesana,1772048,912842,859148,58,65.78309131895863,60.9
Gujarat,5,Sabarkantha,1980797,1009351,971379,67,67.76746847590381,64.19
Gujarat,6,Gandhinagar,2183402,1121493,1061832,77,66.08307653723047,60.62
Gujarat,7,Ahmedabad East,2040263,1068564,971582,117,61.76357768933538,55.42
Gujarat,8,Ahmedabad West (SC),1727645,890852,836720,73,60.8058579081212,56.02
Gujarat,9,Surendranagar,2035001,1058159,976810,32,58.40716242688959,55.69
Gujarat,10,Rajkot,2112726,1094070,1018620,36,63.48645333987144,60.34
Gujarat,11,Porbandar,1769594,913428,856141,25,57.213986313499774,52.57
Gujarat,12,Jamnagar,1818959,932789,886134,36,61.03486313380796,57.84
Gujarat,13,Junagadh,1796532,919785,876722,25,61.310735398669635,59.54
Gujarat,14,Amreli,1733367,896212,837129,26,55.96993707517144,50.6
Gujarat,15,Bhavnagar,1918394,995380,922974,40,59.05354134514733,54.79
Gujarat,16,Anand,1780709,908442,872136,131,67.03932071962171,65.76
Gujarat,17,Kheda,2008281,1025815,982364,102,61.03968452817805,58.71
Gujarat,18,Panchmahal,1898234,967574,930633,27,62.22728372121814,59.68
Gujarat,19,Dahod (ST),1876247,928025,948203,19,66.56858079013645,59.65
Gujarat,20,Vadodara,1950123,995588,954305,230,68.17715343953076,62.24
Gujarat,21,Chhota Udaipur (ST),1822437,932362,890054,21,73.89994213922128,69.65
Gujarat,22,Bharuch,1723670,877707,845880,83,73.54707740845589,69.6
Gujarat,23,Bardoli (ST),2048788,1041490,1007279,19,73.89136535696727,65.58
Gujarat,25,Navsari,2223804,1197438,1026249,117,66.40279399368451,60.23
Gujarat,26,Valsad (ST),1860207,945740,914448,19,75.48422230600288,73.27
Haryana,1,AMBALA (SC),2003510,1062599,940835,76,71.09641146867014,67.29
Haryana,2,KURUKSHETRA,1799822,946102,853696,24,74.28582634168711,67.06
Haryana,3,SIRSA (SC),1941319,1026726,914550,43,75.98728809564871,69.87
Haryana,4,HISAR,1799539,963668,835860,11,72.42711652103146,65.3
Haryana,5,KARNAL,2109702,1112816,996848,38,68.34779877880027,63.83
Haryana,6,SONIPAT,1777008,953328,823636,44,71.02462559909482,63.42
Haryana,7,ROHTAK,1913628,1022698,890909,21,70.51814685461619,65.53
Haryana,8,BHIWANI-MAHENDRAGARH,1821764,973429,848322,13,70.47657734279464,65.02
Haryana,9,GURGAON,2584982,1372532,1212372,78,67.33073638321537,62.02
Haryana,10,FARIDABAD,2436637,1324705,1111813,119,64.10448611266638,60.48
Himachal Pradesh,1,KANGRA,1524032,776880,747147,5,70.72998827187394,68.15
Himachal Pradesh,2,MANDI,1377173,698666,678504,3,73.59937321590496,73.97
Himachal Pradesh,3,HAMIRPUR,1456099,738522,717562,15,72.82607179639264,72.28
Himachal Pradesh,4,SHIMLA (SC),1354665,699007,655646,12,72.68365519404965,71.7
Karnataka,1,Chikkodi,1770523,893799,876644,80,75.62422638345583,78.81
Karnataka,2,Belgaum,1931746,965239,966412,95,67.84173996122179,71.79
Karnataka,3,Bagalkot,1810090,899239,910750,101,70.69805928368964,72.91
Karnataka,4,Bijapur (SC),1947976,989826,957940,210,61.888131144695635,66.59
Karnataka,5,Gulbarga (SC),2098778,1050520,1047976,282,61.182671083095855,62.48
Karnataka,6,Raichur (ST),2010441,994976,1015166,299,58.34247828549262,64.9
Karnataka,7,Bidar,1894364,972779,921482,103,62.9969100245339,65.62
Karnataka,8,Koppal,1867016,920095,946786,135,68.55713704149208,71.23
Karnataka,9,Bellary (ST),1884472,929274,954929,269,69.75859348508392,73.76
Karnataka,10,Haveri,1794394,903696,890615,83,74.21015972982306,77.86
Karnataka,11,Dharwad,1834015,919895,914020,100,70.29064250734234,74.51
Karnataka,12,Uttara Kannada,1645721,828037,817668,16,74.16103954840007,76.8
Karnataka,13,Davanagere,1709809,852543,857129,137,73.18910955112598,77.27
Karnataka,14,Shimoga,1753615,863490,890090,35,76.58445202031649,78.61
Karnataka,15,Udupi Chikmagalur,1585721,768755,816929,37,76.074675354702,77.63
Karnataka,16,Hassan,1738818,865884,872891,43,77.35352531973703,78.06
Karnataka,17,Dakshina Kannada,1818127,887122,930928,77,77.99221554386844,78.02
Karnataka,18,Chitradurga (SC),1857385,926027,931254,104,70.79874113458058,73.65
Karnataka,19,Tumkur,1661834,819560,842200,74,77.42829700132728,78.49
Karnataka,20,Mandya,1780149,876988,902993,168,80.58520891306328,82.05
Karnataka,21,Mysore,2094310,1028309,1065817,184,69.5079925308477,70.96
Karnataka,22,Chamarajanagar (SC),1778667,879046,899514,107,75.35433393048704,77.04
Karnataka,23,Bangalore Rural,2802956,1425029,1377602,325,64.97903067839378,68.52
Karnataka,24,Bangalore North,3215291,1649669,1565018,604,54.76262174256383,54.64
Karnataka,25,Bangalore central,2434254,1255088,1178699,467,54.321379053227545,54.16
Karnataka,26,Bangalore South,2341895,1207404,1134091,400,53.69726502817211,53.38
Karnataka,27,Chikkballapur,1981767,984165,997336,266,76.73608730746692,77.26
Karnataka,28,Kolar (SC),1728198,855080,872907,211,77.24681756189258,78.51
Kerala,1,Kasaragod,1455530,704664,750852,14,80.65614467530392,76.76
Kerala,2,Kannur,1363080,650710,712364,6,83.2770913110418,78.22
Kerala,3,Vadakara,1424792,684423,740347,22,82.69923952189653,79.26
Kerala,4,Wayanad,1464472,723037,741420,15,80.36889589381023,74.19
Kerala,5,Kozhikode,1432508,693866,738616,26,81.70427852603595,76.3
Kerala,6,Malappuram,1480714,746743,733959,12,75.50279305151822,73.44
Kerala,7,Ponnani,1471260,729681,741552,27,74.9825877448679,69.78
Kerala,8,Palakkad,1400914,684909,715992,13,77.76766615520668,74.16
Kerala,9,Alathur (SC),1340183,650999,689172,12,80.46896338315464,74.15
Kerala,10,Thrissur,1483783,708974,774789,20,77.93838951170808,73.63
Kerala,11,Chalakudy,1311257,634996,676240,21,80.5101134208586,72.72
Kerala,12,Ernakulam,1324757,641291,683451,15,77.64139162035744,68.77
Kerala,13,Idukki,1251172,616010,635153,9,76.36321812735687,67.24
Kerala,14,Kottayam,1256138,608713,647410,15,75.46610668120772,66.7
Kerala,15,Alappuzha,1406689,680390,726290,9,80.35020243959427,75.99
Kerala,16,Mavelikkara (SC),1339159,637319,701831,9,74.33365288027997,67.07
Kerala,17,Pathanamthitta,1433956,687355,746592,9,74.30010392401759,64.27
Kerala,18,Kollam,1330873,635694,695160,19,74.72831451662657,69
Kerala,19,Attingal,1401114,657673,743406,35,74.48290158509229,70.44
Kerala,20,Thiruvananthapuram,1434657,693061,741537,59,73.73837615855602,67.22
Madhya Pradesh,1,MORENA,2015928,1080716,935189,23,61.96439833424298,59.01
Madhya Pradesh,2,BHIND (SC),1913389,1036316,877037,36,54.53455266822029,54.92
Madhya Pradesh,3,GWALIOR,2160206,1142669,1017473,64,59.82214616162788,62.3
Madhya Pradesh,4,GUNA,1890695,984985,905662,48,70.34016341593245,72.68
Madhya Pradesh,5,SAGAR,1746640,915935,830664,41,65.53704720209156,65.9
Madhya Pradesh,6,TIKAMGARH (SC),1827976,959251,868694,31,66.61737684677482,60.11
Madhya Pradesh,7,DAMOH,1926000,1009414,916569,17,65.83107989305606,56.58
Madhya Pradesh,8,KHAJURAHO,1998536,1048686,949816,34,68.30896343565342,57.11
Madhya Pradesh,9,SATNA,1708823,895906,812911,6,70.71172980907441,62.01
Madhya Pradesh,10,REWA,1859439,974090,885335,14,60.411518909411775,49.48
Madhya Pradesh,11,SIDHI,2030095,1053186,976895,14,69.502700283439,56.59
Madhya Pradesh,12,SHAHDOL (ST),1778158,902162,875975,21,74.76640140442893,64.83
Madhya Pradesh,13,JABALPUR,1898180,964785,933300,95,69.45792966949156,61.06
Madhya Pradesh,14,MANDLA (ST),2103244,1051639,1051579,26,77.79207048548456,73.04
Madhya Pradesh,15,BALAGHAT,1875760,932197,943547,16,77.65517826585018,73.72
Madhya Pradesh,16,CHHINDWARA,1634721,826815,807891,15,82.41959409367546,79.93
Madhya Pradesh,17,HOSHANGABAD,1858158,961014,897091,53,74.22036045086543,67.27
Madhya Pradesh,18,VIDISHA,1946631,1008723,937864,44,71.83108215185541,74.81
Madhya Pradesh,19,BHOPAL,2339411,1200649,1138585,177,65.73776833868365,64.12
Madhya Pradesh,20,RAJGARH,1876672,964296,912354,22,74.42061134525821,76.28
Madhya Pradesh,21,DEWAS (SC),1943559,997094,946442,23,79.50545951923968,75.63
Madhya Pradesh,22,UJJAIN (SC),1800347,908828,891441,78,75.4298775183915,73.83
Madhya Pradesh,23,MANDSOUR,1900808,960533,940247,28,77.88940157592106,75.49
Madhya Pradesh,24,RATLAM (ST),2095109,1040520,1054552,37,75.70233459671807,73.23
Madhya Pradesh,25,DHAR (ST),1955117,980272,974800,45,75.25533955415864,72.92
Madhya Pradesh,26,INDORE,2527978,1276189,1251692,97,69.32735750325452,61.82
Madhya Pradesh,27,KHARGONE (ST),2046409,1024261,1022119,29,77.8463626774096,76.18
Madhya Pradesh,28,KHANDWA,2112874,1071562,1041261,51,76.90485606753079,71.7
Madhya Pradesh,29,BETUL (ST),1897989,968795,929158,36,78.18044625502968,73.59
Maharashtra,1,Nandurbar (ST),1971324,993949,977348,27,68.65195267594072,70.76
Maharashtra,2,Dhule,2025275,1055090,970138,47,57.048181690024954,60.33
Maharashtra,3,Jalgaon,2000402,1043600,956717,85,56.55415760588174,58.52
Maharashtra,4,Raver,1823827,943768,880005,54,61.77349270528002,64.36
Maharashtra,5,Buldhana,1787095,937458,849613,24,63.59632155324297,62.12
Maharashtra,6,Akola,1894657,981257,913355,45,60.05809661215687,61.95
Maharashtra,7,Amravati (SC),1838767,946804,891878,85,60.76365003155871,63.89
Maharashtra,8,Wardha,1684292,859907,824371,14,61.5308587303381,65.11
Maharashtra,9,Ramtek (SC),2050952,1046680,1004220,52,62.29599680460004,61.09
Maharashtra,10,Nagpur,2224282,1114033,1110026,223,54.93578258439237,54.49
Maharashtra,11,Bhandara Gondiya,1830399,912639,917746,14,68.81062467845321,67.63
Maharashtra,12,Gadchiroli - Chimur (ST),1618690,816173,802507,10,72.32569816222177,72.15
Maharashtra,13,Chandrapur,1839760,947517,892195,48,64.88816807560302,67.68
Maharashtra,14,Yavatmal- Washim,1942461,1003893,938504,64,61.310572830911426,63.1
Maharashtra,15,Hingoli,1819082,947996,871061,25,66.83668554889489,63.75
Maharashtra,16,Nanded,1853532,956736,896654,142,65.69229033304988,61.18
Maharashtra,17,Parbhani,2124497,1105301,1019163,33,63.12081030491208,62.67
Maharashtra,18,Jalna,1969953,1036430,933471,52,64.75380512205311,69.42
Maharashtra,19,Aurangabad,2061220,1079279,981813,128,63.549656361396266,63.2
Maharashtra,20,Dindori (ST),1857924,964770,893137,17,65.7094087721647,66.85
Maharashtra,21,Nashik,2033175,1061970,971125,80,59.52540603395959,60.87
Maharashtra,22,Palghar (ST),2148850,1125531,1023094,225,63.75673525668222,64.07
Maharashtra,23,Bhiwandi,2087604,1130055,957210,339,53.203798740807365,60.11
Maharashtra,24,Kalyan,2082800,1117966,964048,786,45.31224881414842,50.28
Maharashtra,25,Thane,2508072,1348824,1159041,207,49.38919896765072,52.27
Maharashtra,26,Mumbai North,1812115,969143,842559,413,60.09421191610769,57.2
Maharashtra,27,Mumbai North West,1735295,938548,796687,60,54.369977307141006,55.04
Maharashtra,28,Mumbai North East,1637292,878243,758813,236,57.228237299465654,56.63
Maharashtra,29,Mumbai North Central,1744297,941445,802787,65,53.6818757883696,52.21
Maharashtra,30,Mumbai South Central,1474660,787907,686531,222,55.39531234813035,53.9
Maharashtra,31,Mumbai South,1536443,832822,703578,43,51.58997436583759,50.33
Maharashtra,32,Raigad,1669722,821910,847808,4,62.16604707298703,60.8
Maharashtra,33,Maval,2585776,1349892,1235711,173,59.5913110074497,54.92
Maharashtra,34,Pune,2062172,1058642,1003206,324,49.89122391879081,53.57
Maharashtra,35,Baramati,2374884,1244085,1130683,116,61.821576298445656,59.54
Maharashtra,36,Shirur,2541750,1338746,1202801,203,59.440945167818946,54.2
Maharashtra,37,Ahmednagar,1988934,1039793,949022,119,64.79491736309737,66.73
Maharashtra,38,Shirdi (SC),1680067,867215,812774,78,64.93073123644129,63.12
Maharashtra,39,Beed,2147063,1138690,1008344,29,66.16987833705306,71.01
Maharashtra,40,Osmanabad,1996484,1055756,940647,81,63.756495602569665,64.24
Maharashtra,41,Latur (SC),1980409,1038670,941678,61,62.443199797313454,62.77
Maharashtra,42,Solapur (SC),2031921,1043209,988513,199,58.66884417931212,59.3
Maharashtra,43,Madha,1996298,1040361,955867,70,63.77459056313084,63.87
Maharashtra,44,Sangli,1874176,958871,915181,124,65.92035084674279,62.39
Maharashtra,45,Satara,1899325,968321,930928,76,60.468685504755506,63.19
Maharashtra,46,Ratnagiri- Sindhudurg,1452664,715936,736716,12,61.99294163070728,63.12
Maharashtra,47,Kolhapur,1942725,990857,951777,91,70.85917757868137,71.76
Maharashtra,48,Hatkanangale,1818396,929861,888440,95,70.6036683356271,71.34
Manipur,1,Inner Manipur,1001115,483280,517622,213,81.11842161405664,80.51
Manipur,2,Outer Manipur (ST),1050242,518482,531725,35,84.14008819106564,76.15
Meghalaya,1,Shillong (ST),1402892,686179,716711,2,65.47629582753801,74.03
Meghalaya,2,Tura (ST),827559,417134,410424,1,81.37909873219989,81.74
Mizoram,1,MIZORAM (ST),861327,419677,441650,0,63.138136243412944,57.1
Nagaland,1,Nagaland,1325383,664460,660923,0,83.00017218978445,57.84
Odisha,1,Bargarh,1633893,822825,810946,122,78.37410495586641,80.33
Odisha,2,Sundargarh (ST),1579096,780601,798327,168,71.89232954081716,73.44
Odisha,3,Sambalpur,1501538,753505,747896,137,76.720393863251,79.97
Odisha,4,Keonjhar (ST),1589941,791403,798443,95,77.56895287626723,79.17
Odisha,5,Mayurbhanj (ST),1546274,767080,779143,51,77.12892737433909,76.19
Odisha,6,Balasore,1610043,817822,792067,154,75.6867332862857,77.08
Odisha,7,Bhadrak (SC),1773928,912525,861215,188,73.90472545242382,73.49
Odisha,8,Jajpur (SC),1548594,797675,750851,68,74.0989703777677,75.01
Odisha,9,Dhenkanal,1533702,792631,740900,171,75.3264251666608,78.37
Odisha,10,Bolangir,1803544,919930,883309,305,74.90882492206696,77.87
Odisha,11,Kalahandi,1702038,852184,849744,110,76.40510323663486,78.64
Odisha,12,Nabarangpur (ST),1514610,742873,771621,116,79.51976859748501,82.54
Odisha,13,Kandhamal,1340580,672860,667607,113,73.10202954062574,74.58
Odisha,14,Cuttack,1574979,813196,761574,209,69.8131528983618,71.31
Odisha,15,Kendrapara,1795725,929863,865772,90,72.38508494864739,71.47
Odisha,16,Jagatsinghpur (SC),1703489,879289,824064,136,74.82542840541618,75.8
Odisha,17,Puri,1589698,823575,766014,109,72.71980137371659,75.58
Odisha,18,Bhubaneswar,1675019,870888,803561,570,59.16555959422902,64.69
Odisha,19,Aska,1623404,847842,775419,143,65.78809910813064,62.74
Odisha,20,Berhampur,1595228,801105,793974,149,65.89794702669963,65.61
Odisha,21,Koraput (ST),1481642,707468,773914,260,75.34028544657497,77.97
Punjab,1,Gurdaspur,1627611,870817,756758,36,69.23820460808233,66.42
Punjab,2,Amritsar,1617542,851513,765966,63,57.07250269418884,56
Punjab,3,Khadoor Sahib,1680035,888196,791772,67,63.9567450675538,62.46
Punjab,4,Jalandhar (SC),1655868,861405,794419,44,63.04215537489378,59.75
Punjab,5,Hoshiarpur (SC),1618186,846758,771384,44,62.076056338028174,58.65
Punjab,6,Anandpur Sahib,1740606,912163,828379,64,63.69058130199026,61.9
Punjab,7,Ludhiana,1760756,939148,821474,134,62.19981287036075,60.18
Punjab,8,Fatehgarh Sahib (SC),1557201,827814,729355,32,65.68544928639442,62.58
Punjab,9,Faridkot (SC),1599861,847823,751957,81,63.246455348382035,63.41
Punjab,10,Firozpur,1674979,885391,789540,48,72.46584475342912,67.31
Punjab,11,Bathinda,1659163,877751,781378,34,74.15764356642008,69.42
Punjab,12,Sangrur,1563808,831022,732740,46,72.39659716587411,64.63
Punjab,13,Patiala,1811580,949230,862270,80,67.76540584042309,63.6
Rajasthan,1,GANGANAGAR (SC),2103968,1098275,1005628,65,74.76693940681847,67.22
Rajasthan,2,BIKANER (SC),2050748,1080305,970411,32,59.434184404210775,54.58
Rajasthan,3,CHURU,2222213,1164762,1057435,16,65.90408418783778,64.2
Rajasthan,4,JHUNJHUNU,2097732,1108445,989274,13,62.11430830153745,53.63
Rajasthan,5,SIKAR,2232334,1172253,1060067,14,65.17697779989537,58.43
Rajasthan,6,JAIPUR RURAL,2194555,1154768,1039779,8,65.5385133840911,57.67
Rajasthan,7,JAIPUR,2288793,1192089,1096624,80,68.47633380206402,64.01
Rajasthan,8,ALWAR,2075093,1099008,976062,23,67.16763991349859,60.57
Rajasthan,9,BHARATPUR (SC),2124971,1136386,988564,21,59.10971018533857,53.46
Rajasthan,10,KARAULI-DHOLPUR (SC),1980182,1068519,911647,16,55.18305244635127,50.05
Rajasthan,11,DAUSA (ST),1903520,1007209,896307,4,61.49712562467889,56.45
Rajasthan,12,TONK-SAWAI MADHOPUR,2150616,1124371,1026231,14,63.43638617219393,57.13
Rajasthan,13,AJMER,1999399,1018562,980810,27,67.32478977757833,60.16
Rajasthan,14,NAGAUR,2155502,1117896,1037594,12,62.32114212466681,57.59
Rajasthan,15,PALI,2348274,1222106,1126130,38,62.984609534418645,57.73
Rajasthan,16,JODHPUR,2138241,1120959,1017235,47,68.88614057457372,64.82
Rajasthan,17,BARMER,2208630,1179235,1029386,9,73.29756221696438,76.48
Rajasthan,18,JALORE,2297692,1205880,1091798,14,65.7395748641879,63.17
Rajasthan,19,UDAIPUR (ST),2231240,1133450,1097771,19,70.32498227883332,67.19
Rajasthan,20,BANSWARA (ST),2200607,1111037,1089548,22,72.90332738001223,74.39
Rajasthan,21,CHITTORGARH,2170738,1092935,1077776,27,72.3874218653502,69.08
Rajasthan,22,RAJSAMAND,2064478,1059097,1005356,25,64.86700113073739,58.82
Rajasthan,23,BHILWARA,2148657,1090873,1057766,18,65.63824269223683,60.74
Rajasthan,24,KOTA,2088853,1073583,1015232,38,70.22181610977356,71.86
Rajasthan,25,JHALAWAR-BARAN,2030974,1042530,988418,26,71.95958757688288,70.02
Sikkim,1,Sikkim,466643,234871,231769,3,81.40801791176796,83.26
Tamil Nadu,1,TIRUVALLUR (SC),2086686,1024762,1061539,385,72.33482461592196,68.78
Tamil Nadu,2,CHENNAI NORTH,1496459,730606,765310,543,64.25645013951244,60.33
Tamil Nadu,3,CHENNAI SOUTH,2023381,1001058,1021859,464,57.07231650040815,54.36
Tamil Nadu,4,CHENNAI CENTRAL,1350334,667618,682261,455,58.97748254897546,54.19
Tamil Nadu,5,SRIPERUMBUDUR,2382578,1180639,1201510,429,62.444440697100625,60.5
Tamil Nadu,6,KANCHEEPURAM (SC),1749192,853765,895124,303,75.31411345067373,72.07
Tamil Nadu,7,ARAKKONAM,1568140,765517,802458,165,78.64662776930379,74.61
Tamil Nadu,8,VELLORE,1534347,746170,787964,213,71.46317745264113,73.77
Tamil Nadu,9,KRISHNAGIRI,1627851,818670,808876,305,75.94550197202831,71.72
Tamil Nadu,10,DHARMAPURI,1526799,772770,753850,179,82.41093710879767,81.82
Tamil Nadu,11,TIRUVANNAMALAI,1536993,758342,778530,121,78.14781845247384,74.71
Tamil Nadu,12,ARANI,1499659,737854,761701,104,79.00610702825794,76.06
Tamil Nadu,13,VILUPPURAM (SC),1503959,745174,758565,220,78.65889838576231,77.09
Tamil Nadu,14,KALLAKURICHI,1569097,773933,794936,228,78.80862402530384,79.73
Tamil Nadu,15,SALEM,1659269,828715,830332,222,77.91135817903991,78.79
Tamil Nadu,16,NAMAKKAL,1452952,708697,744097,158,80.21963795956279,78.98
Tamil Nadu,17,ERODE,1538960,745100,793676,184,73.10691908201493,71.11
Tamil Nadu,18,TIRUPPUR,1608720,791217,817248,255,73.20802293312349,71.09
Tamil Nadu,19,NILGIRIS (SC),1428889,688031,740765,93,74.01204925113099,71.39
Tamil Nadu,20,COIMBATORE,2106500,1041683,1064436,381,63.85861685922332,65.23
Tamil Nadu,21,POLLACHI,1597717,773655,823766,296,71.15324918579628,70.65
Tamil Nadu,22,DINDIGUL,1608624,781608,826798,218,75.29316464759603,71.52
Tamil Nadu,23,KARUR,1430499,694423,735986,90,79.55425197111482,79.21
Tamil Nadu,24,TIRUCHIRAPPALLI,1554620,757729,796652,239,69.50329464672096,67.98
Tamil Nadu,25,PERAMBALUR,1447197,702222,744830,145,79.2583699571722,78.11
Tamil Nadu,26,CUDDALORE,1413170,693758,719197,215,76.49200388845472,73.41
Tamil Nadu,27,CHIDAMBARAM (SC),1520970,754747,766137,86,77.97864104168158,76.97
Tamil Nadu,28,MAYILADUTHURAI,1546075,760422,785581,72,73.93244533761842,70.38
Tamil Nadu,29,NAGAPATTINAM (SC),1345708,658425,687201,82,76.93175080102083,72.36
Tamil Nadu,30,THANJAVUR,1502056,727958,773970,128,72.55402271787726,68.66
Tamil Nadu,31,SIVAGANGA,1635655,804038,831554,63,69.90288134359179,64.62
Tamil Nadu,32,MADURAI,1583250,778091,804961,198,66.08868206255126,62.42
Tamil Nadu,33,THENI,1630328,804473,825636,219,75.27084507764054,70.12
Tamil Nadu,34,VIRUDHUNAGAR,1505927,737123,768599,205,72.48924713796004,70.72
Tamil Nadu,35,RAMANATHAPURAM,1619761,804347,815335,79,68.40390065010835,68.61
Tamil Nadu,36,THOOTHUKKUDI,1461182,716085,744881,216,69.47603382306696,67.14
Tamil Nadu,37,TENKASI (SC),1529130,750311,778604,215,71.43308023697378,68.07
Tamil Nadu,38,TIRUNELVELI,1656265,809831,846283,151,67.2173407416979,64.56
Tamil Nadu,39,KANNIYAKUMARI,1566048,785377,780528,143,69.9035470441299,66.14
Tripura,1,Tripura West,1469453,739939,729458,56,81.93231065811094,82.53
Tripura,2,Tripura East (ST),1401443,707112,694318,13,82.90318822754645,81.06
Uttar Pradesh,1,Saharanpur,1857816,982473,875260,83,70.86715865036841,66.23
Uttar Pradesh,2,Kairana,1727579,926748,800735,96,67.45130956145155,62.52
Uttar Pradesh,3,Muzaffarnagar,1823717,974828,848746,143,68.42002045932782,59.16
Uttar Pradesh,4,Bijnor,1743213,928215,814914,84,66.21894388943139,58.79
Uttar Pradesh,5,Nagina (SC),1647310,874628,772622,60,63.66396678176957,60.8
Uttar Pradesh,6,Moradabad,2062642,1096271,966288,83,65.45711734770711,62.24
Uttar Pradesh,7,Rampur,1733243,917367,815716,160,63.18750870791769,55.89
Uttar Pradesh,8,Sambhal,1899292,1013828,885344,120,64.73158920451189,62.96
Uttar Pradesh,9,Amroha,1720677,912369,808253,55,71.04768788321434,64.58
Uttar Pradesh,10,Meerut,2005669,1080150,925379,140,64.28866134053486,59.01
Uttar Pradesh,11,Baghpat,1665208,909204,755930,74,64.6843504017381,56.13
Uttar Pradesh,12,Ghaziabad,2948720,1626489,1322054,177,55.885280130510395,49.88
Uttar Pradesh,13,Gautam Buddha Nagar,2681482,1456806,1224557,119,60.493495327752115,53.7
Uttar Pradesh,14,Bulandshahr (SC),1867981,983523,884409,49,62.92210243718277,56.55
Uttar Pradesh,15,Aligarh,2002868,1067878,934878,112,61.678413800449036,56.89
Uttar Pradesh,16,Hathras (SC),1946138,1046446,899644,48,61.76305569859252,55.67
Uttar Pradesh,17,Mathura,1939130,1041684,897381,65,61.083537576615434,49.38
Uttar Pradesh,18,Agra (SC),2075821,1121996,953720,105,59.123440798063676,54.21
Uttar Pradesh,19,Fatehpur Sikri,1807314,980568,826695,51,60.41643273911371,57.25
Uttar Pradesh,20,Firozabad,1896052,1016945,879014,93,60.126667820900195,58.48
Uttar Pradesh,21,Mainpuri,1798051,970043,827969,39,56.768834912919644,58.74
Uttar Pradesh,22,Etah,1703935,908929,794950,56,61.700800902981875,59.37
Uttar Pradesh,23,Badaun,2010304,1076645,933547,112,57.17317200049059,54.4
Uttar Pradesh,24,Aonla,1893622,1018787,874788,47,58.966120726588464,57.56
Uttar Pradesh,25,Bareilly,1926167,1030757,895334,76,59.4639127085008,58.16
Uttar Pradesh,26,Pilibhit,1833961,980734,853187,40,67.40973661812609,63.32
Uttar Pradesh,27,Shahjahanpur (SC),2333143,1252608,1080385,150,56.1504322436703,53.52
Uttar Pradesh,28,Kheri,1871224,992805,878377,42,64.19905359408912,64.85
Uttar Pradesh,29,Dhaurahra,1719979,917737,802163,79,64.69081410662538,64.66
Uttar Pradesh,30,Sitapur,1760367,936435,823871,61,63.934060209131836,62.64
Uttar Pradesh,31,Hardoi (SC),1911779,1002277,909448,54,58.537760933286634,57.65
Uttar Pradesh,32,Misrikh (SC),1879798,995481,884268,49,57.17422807318251,56
Uttar Pradesh,33,Unnao,2344843,1247626,1097125,92,56.471401551017244,55.59
Uttar Pradesh,34,Mohanlalganj (SC),2189866,1163143,1026653,70,62.793344571670595,62.99
Uttar Pradesh,35,Lucknow,2173953,1149665,1024196,92,54.77593001651173,52.45
Uttar Pradesh,36,Rae Bareli,1788731,935629,853066,36,56.33855936385298,58.14
Uttar Pradesh,37,Amethi,1798715,945042,853589,84,54.08361843746684,54.53
Uttar Pradesh,38,Sultanpur,1855602,967264,888289,49,56.3748453691874,55.73
Uttar Pradesh,39,Pratapgarh,1836748,973291,863452,5,53.562790305713094,51.58
Uttar Pradesh,40,Farrukhabad,1751985,944124,807816,45,58.71765232634022,59.08
Uttar Pradesh,41,Etawah (SC),1834489,990084,844373,32,58.5222049802501,56.37
Uttar Pradesh,42,Kannauj,1993616,1069348,924173,95,60.85824589401459,61.14
Uttar Pradesh,43,Kanpur,1664794,887676,776996,122,51.64897613753481,53.34
Uttar Pradesh,44,Akbarpur,1875912,1008315,867518,79,58.12925614949373,58
Uttar Pradesh,45,Jalaun (SC),2010583,1079605,930872,106,58.48611586679756,56.16
Uttar Pradesh,46,Jhansi,2162404,1138635,1023661,108,67.67793431693127,63.88
Uttar Pradesh,47,Hamirpur,1841604,995945,845620,39,62.3194214167286,60.65
Uttar Pradesh,48,Banda,1749034,944968,804025,41,60.80478301128539,59.74
Uttar Pradesh,49,Fatehpur,1942597,1044232,898315,50,56.786939899266685,57.11
Uttar Pradesh,50,Kaushambi (SC),1912536,1015692,896678,166,54.55912305832848,52.82
Uttar Pradesh,51,Phulpur,2071536,1126265,945075,196,48.69874164190886,49
Uttar Pradesh,52,Allahabad,1828159,990680,837241,238,51.83391991422711,51.87
Uttar Pradesh,53,Barabanki (SC),1919282,1014928,904279,75,63.61123495318769,67.26
Uttar Pradesh,54,Faizabad,1929399,1008401,920916,82,59.689809719588204,59.17
Uttar Pradesh,55,Ambedkar Nagar,1913756,998212,915511,33,61.07639933089053,61.66
Uttar Pradesh,56,Baharaich (SC),1839281,969904,869325,52,57.23674322565131,57.45
Uttar Pradesh,57,Kaiserganj,1906032,1010645,895325,62,54.393819084291565,55.73
Uttar Pradesh,58,Shrawasti,1980743,1059012,921677,54,52.07701937444216,52.84
Uttar Pradesh,59,Gonda,1843873,989112,854692,69,52.203024660951456,51.7
Uttar Pradesh,60,Domariyaganj,1962205,1045433,916631,141,52.26014395632197,52.11
Uttar Pradesh,61,Basti,1904843,1013751,890995,97,57.18555426634071,56.95
Uttar Pradesh,62,Sant Kabir Nagar,2076050,1107305,968701,44,54.20160853592867,52.61
Uttar Pradesh,63,Maharajganj,2007065,1058514,948475,76,64.07115350880856,60.31
Uttar Pradesh,64,Gorakhpur,2101746,1128197,973375,174,59.8085399887038,54.95
Uttar Pradesh,65,Kushi Nagar,1876962,987072,889794,96,59.79396717916578,57.58
Uttar Pradesh,66,Deoria,1877227,994633,882485,109,57.89527390056408,55.6
Uttar Pradesh,67,Bansgaon (SC),1825711,972958,852666,87,55.37636373395583,51.81
Uttar Pradesh,68,Lalganj (SC),1841110,964019,877066,25,54.85587735019806,54.54
Uttar Pradesh,69,Azamgarh,1871946,992507,879396,43,57.557255662967364,56.36
Uttar Pradesh,70,Ghosi,2090637,1110047,980515,75,57.313254179572624,55.04
Uttar Pradesh,71,Salempur,1784412,952664,831681,67,55.425596869635726,51.42
Uttar Pradesh,72,Ballia,1936995,1045689,891243,63,54.34859063164392,52.03
Uttar Pradesh,73,Jaunpur,1979004,1027947,950966,91,55.77336111384729,55.83
Uttar Pradesh,74,Machhlishahr (SC),1943763,1019559,924135,69,56.01940371345437,54.64
Uttar Pradesh,75,Ghazipur,2088636,1104931,983680,25,58.87568664121671,55.29
Uttar Pradesh,76,Chandauli,1850547,994784,855713,50,61.82662364237548,60.51
Uttar Pradesh,77,Varanasi,1999861,1085928,913797,136,57.132385928195475,56.59
Uttar Pradesh,78,Bhadohi,2039941,1079362,960408,171,53.531814957318204,53.22
Uttar Pradesh,79,Mirzapur,1909448,1002577,906802,69,60.106712191420755,57.89
Uttar Pradesh,80,Robertsganj (SC),1780728,943390,837307,31,57.37059467212211,56.81
West Bengal,1,Coochbehar (SC),1970743,1018633,952077,33,84.08367324440525,82.44
West Bengal,2,Alipurduars (ST),1778463,894029,884372,62,83.78975031894893,79.97
West Bengal,3,Jalpaiguri (SC),1889840,962386,927441,13,86.51167641622067,83.92
West Bengal,4,Darjeeling,1776898,895247,881610,41,78.79678548665471,74.91
West Bengal,5,Raiganj,1791574,926140,865346,88,79.81888809782541,76.43
West Bengal,6,Balurghat,1563941,800147,763713,81,83.69306784083861,79.29
West Bengal,7,Maldaha Uttar,1864285,948348,915882,55,80.39164746390028,76.12
West Bengal,8,Maldaha Dakshin,1784407,901703,882656,48,81.23794895880273,76.88
West Bengal,9,Jangipur,1807556,919408,888125,23,80.72135294048495,75.79
West Bengal,10,Baharampur,1789424,912975,876406,43,79.409818735359,77.55
West Bengal,11,Murshidabad,1890589,964587,925974,28,84.29184778229838,81.55
West Bengal,12,Krishnanagar,1762599,913551,849022,26,83.75330483949848,80.96
West Bengal,13,Ranaghat (SC),1877599,964987,912553,59,84.25565696620006,82.14
West Bengal,14,Bangaon (SC),1841292,939596,901625,71,82.63678025521051,81.12
West Bengal,15,Barrackpur,1512101,772280,739776,45,76.90581726515231,75.56
West Bengal,16,Dum dum,1700882,839212,861625,45,76.91853382335289,74.13
West Bengal,17,Barasat,1907604,960962,946577,65,81.25664919930254,80.44
West Bengal,18,Basirhat,1805874,924922,880918,34,85.42693836889292,84.51
West Bengal,19,Jaynagar (SC),1845363,942073,903203,87,82.28725001592497,80.42
West Bengal,20,Mathurapur (SC),1818113,934595,883485,33,84.8630466994654,82.38
West Bengal,21,Diamond harbour,1881552,955389,926092,71,81.97889703872173,81.38
West Bengal,22,Jadavpur,2034251,1007441,1026690,120,79.10820719517277,77.13
West Bengal,23,Kolkata Dakshin,1850115,947832,902241,42,69.8195506726722,67.27
West Bengal,24,Kolkata Uttar,1505686,815601,690044,41,65.82998749378498,63.66
West Bengal,25,Howrah,1769973,911281,858653,39,74.83256575424208,71.9
West Bengal,26,Uluberia,1742388,886294,856037,57,81.18450415730643,80.01
West Bengal,27,Sreerampur,1928256,974254,953951,51,78.5371599218582,76.6
West Bengal,28,Hooghly,1860103,927118,932921,64,82.56725768863484,81.61
West Bengal,29,Arambag (SC),1885001,955074,929906,21,83.43856213372501,82.82
West Bengal,30,Tamluk,1853363,950294,903031,38,85.38302394718424,85.17
West Bengal,31,Kanthi,1797658,924754,872896,8,85.83372436296304,85.24
West Bengal,32,Ghatal,1942313,987523,954773,17,82.7409080656577,82.49
West Bengal,33,Jhargram (ST),1782435,892620,889796,19,85.70914348778342,83.8
West Bengal,34,Medinipur,1813205,910174,903002,29,84.2366906457632,81.95
West Bengal,35,Purulia,1825625,925984,899622,19,82.37889182955786,78.66
West Bengal,36,Bankura,1785138,902130,883007,1,83.24580054897004,81.24
West Bengal,37,Bishnupur (SC),1758481,892954,865525,2,87.33971690002268,86.13
West Bengal,38,Bardhaman Purba (SC),1803240,915202,887989,49,84.7778296661718,83.12
West Bengal,39,Bardhaman-Durgapur,1853336,931083,922228,25,82.67231125452676,81.09
West Bengal,40,Asansol,1771875,904909,866928,38,76.6246561439229,73.51
West Bengal,41,Bolpur (SC),1842192,933957,908212,23,85.73996538564624,83.05
West Bengal,42,Birbhum,1859447,936367,923061,19,85.33967663967977,82.19
Chhattisgarh,1,SURGUJA (ST),1820880,906410,914436,34,77.4036861142107,79.97
Chhattisgarh,2,RAIGARH (ST),1840847,910278,930519,50,77.90616591831261,78.96
Chhattisgarh,3,JANJGIR-CHAMPA (SC),2058260,1034274,1023959,27,65.80842470800692,67.77
Chhattisgarh,4,KORBA,1620051,804659,815340,52,75.38393732933909,75.73
Chhattisgarh,5,BILASPUR,2103937,1057148,1046690,99,64.48009087068243,64.88
Chhattisgarh,6,RAJNANDGAON,1869229,930847,938374,8,76.19628549240034,77.46
Chhattisgarh,7,DURG,2092551,1044025,1048472,54,71.77968621876657,73.78
Chhattisgarh,8,RAIPUR,2376030,1187126,1188600,304,66.16076426147562,67
Chhattisgarh,9,MAHASAMUND,1763698,867846,895818,34,74.65223318646285,75.21
Chhattisgarh,10,BASTAR (ST),1473810,701885,771873,52,66.25671985509621,68.46
Chhattisgarh,11,KANKER (ST),1659374,813775,845581,18,74.42454931261514,76.39
Jharkhand,1,Rajmahal (ST),1705708,852167,853531,10,72.04531515996578,71.44
Jharkhand,2,Dumka (ST),1592192,800126,792060,6,73.42843422057422,74.44
Jharkhand,3,Godda,2030444,1052544,977883,17,69.56935307432695,69.1
Jharkhand,4,Chatra,1692698,864657,828039,2,64.96942923819373,64.35
Jharkhand,5,Kodarma,2207845,1142511,1065311,23,66.6801350513333,62.19
Jharkhand,6,Giridih,1866763,962472,904283,8,67.1242435945394,67.79
Jharkhand,7,Dhanbad,2290354,1201348,1088926,80,60.46726050040673,62.52
Jharkhand,8,Ranchi,2202528,1117341,1085118,69,64.49062845290531,65.93
Jharkhand,9,Jamshedpur,1871388,939374,931881,133,67.18963833875719,68.36
Jharkhand,10,Singhbhum (ST),1449471,713440,735998,33,69.25775464065762,69.8
Jharkhand,11,Khunti (ST),1329423,653670,675749,4,69.2491003305994,70.73
Jharkhand,12,Lohardaga (ST),1448225,720501,727720,4,66.30286659655866,67.09
Jharkhand,13,Palamu (SC),2248082,1167828,1080253,1,64.33504957104688,61.92
Jharkhand,14,Hazaribagh,1942771,1000509,942231,31,64.85185596099468,65.14
Uttarakhand,1,Tehri Garhwal,1590526,828282,762182,62,58.865596772238895,54.5
Uttarakhand,2,Garhwal,1404233,733724,670493,16,55.17216454392844,53.14
Uttarakhand,3,Almora (SC),1368432,712648,655779,5,52.30997273151304,49.33
Uttarakhand,4,Nainital-Udhamsingh Nagar,2026438,1057189,969194,55,68.96670537011748,62.75
Uttarakhand,5,Haridwar,2041472,1076290,965023,159,69.17839475253948,63.9
Telangana,1,Adilabad (ST),1652394,807060,845247,87,71.4179179615919,74.94
Telangana,2,Peddapalle (SC),1597892,789125,808664,103,65.59197507117547,68.63
Telangana,3,Karimnagar,1798168,878459,919607,102,69.52292492535767,73.11
Telangana,4,Nizamabad,1705591,806832,898669,90,68.44291659826766,72.35
Telangana,5,Zahirabad,1642425,802858,839508,59,69.69558260479654,75.3
Telangana,6,Medak,1828717,902595,925913,209,71.74690236122841,75.86
Telangana,7,Malkajgiri,3780453,1946386,1833525,542,49.634623607241565,51.28
Telangana,8,Secunderabad,2120550,1087006,1033414,130,46.50074481424353,49.45
Telangana,9,Hyderabad,2217305,1125479,1091630,196,44.84024207186055,48.79
Telangana,10,Chevella,2939057,1504909,1433868,280,53.2516724570957,57.03
Telangana,11,Mahbubnagar,1683709,833461,850206,42,65.3851465571389,72.91
Telangana,12,Nagarkurnool (SC),1739310,865907,873364,39,62.33147431130443,70.24
Telangana,13,Nalgonda,1726204,845548,880487,169,74.14872823112523,75.15
Telangana,14,Bhongir,1809241,899047,910115,79,74.49339171871823,77.48
Telangana,15,Warangal (SC),1825492,896395,928700,397,63.696370825008856,69.53
Telangana,16,Mahabubabad (ST),1533858,749256,784496,106,69.06187582711135,72.34
Telangana,17,Khammam,1631952,788043,843779,130,75.29668538104873,76.74
Andaman & Nicobar Islands,1,Andaman & Nicobar Islands,315745,164572,151169,4,65.1230410304235,64.16
Chandigarh,1,Chandigarh,660552,342176,318341,35,70.60716312396693,68.03
NCT OF Delhi,1,Chandni Chowk,1646467,884174,762125,168,62.78081499958714,58.69
NCT OF Delhi,2,North-East Delhi,2464397,1327153,1137095,149,63.86256751824499,63.04
NCT OF Delhi,3,East Delhi,2121610,1152084,969422,104,61.69733565700422,59.6
NCT OF Delhi,4,New Delhi,1526694,831520,695096,78,56.91400767865865,55.53
NCT OF Delhi,5,North-West Delhi (SC),2569274,1385389,1183623,262,58.97389443861799,58.01
NCT OF Delhi,6,West Delhi,2592498,1374284,1218083,131,60.82245058701896,58.81
NCT OF Delhi,7,South Delhi,2293698,1269141,1024221,336,58.7456704182856,56.52
Lakshadweep,1,Lakshadweep (ST),57953,29445,28508,0,85.20900904165684,84.98
Puducherry,1,PUDUCHERRY,1024024,480876,542997,151,81.24993579272865,79.24
